青沥扁包疙,悼疙,楷飞,己喊备盒,牢备荐
何魂堡开矫 秦款措备,快力1悼,0技 - 9技,巢,635
何魂堡开矫 秦款措备,快力1悼,0技 - 9技,咯,665
何魂堡开矫 秦款措备,快力1悼,10技 - 19技,巢,945
何魂堡开矫 秦款措备,快力1悼,10技 - 19技,咯,914
何魂堡开矫 秦款措备,快力1悼,20技 - 29技,巢,"1,200"
何魂堡开矫 秦款措备,快力1悼,20技 - 29技,咯,"1,275"
何魂堡开矫 秦款措备,快力1悼,30技 - 39技,巢,"1,500"
何魂堡开矫 秦款措备,快力1悼,30技 - 39技,咯,"1,560"
何魂堡开矫 秦款措备,快力1悼,40技 - 49技,巢,"1,749"
何魂堡开矫 秦款措备,快力1悼,40技 - 49技,咯,"1,855"
何魂堡开矫 秦款措备,快力1悼,50技 - 59技,巢,"1,907"
何魂堡开矫 秦款措备,快力1悼,50技 - 59技,咯,"2,131"
何魂堡开矫 秦款措备,快力1悼,60技 - 69技,巢,"1,712"
何魂堡开矫 秦款措备,快力1悼,60技 - 69技,咯,"2,047"
何魂堡开矫 秦款措备,快力1悼,70技 - 79技,巢,"1,090"
何魂堡开矫 秦款措备,快力1悼,70技 - 79技,咯,"1,302"
何魂堡开矫 秦款措备,快力1悼,80技 - 89技,巢,412
何魂堡开矫 秦款措备,快力1悼,80技 - 89技,咯,589
何魂堡开矫 秦款措备,快力1悼,90技 - 99技,巢,43
何魂堡开矫 秦款措备,快力1悼,90技 - 99技,咯,109
何魂堡开矫 秦款措备,快力1悼,100技 - 109技,巢,1
何魂堡开矫 秦款措备,快力1悼,100技 - 109技,咯,2
何魂堡开矫 秦款措备,快力1悼,110技 捞惑,巢,0
何魂堡开矫 秦款措备,快力1悼,110技 捞惑,咯,0
何魂堡开矫 秦款措备,快力2悼,0技 - 9技,巢,"1,178"
何魂堡开矫 秦款措备,快力2悼,0技 - 9技,咯,"1,102"
何魂堡开矫 秦款措备,快力2悼,10技 - 19技,巢,"1,676"
何魂堡开矫 秦款措备,快力2悼,10技 - 19技,咯,"1,476"
何魂堡开矫 秦款措备,快力2悼,20技 - 29技,巢,"1,406"
何魂堡开矫 秦款措备,快力2悼,20技 - 29技,咯,"1,346"
何魂堡开矫 秦款措备,快力2悼,30技 - 39技,巢,"1,519"
何魂堡开矫 秦款措备,快力2悼,30技 - 39技,咯,"1,766"
何魂堡开矫 秦款措备,快力2悼,40技 - 49技,巢,"2,214"
何魂堡开矫 秦款措备,快力2悼,40技 - 49技,咯,"2,543"
何魂堡开矫 秦款措备,快力2悼,50技 - 59技,巢,"2,445"
何魂堡开矫 秦款措备,快力2悼,50技 - 59技,咯,"2,903"
何魂堡开矫 秦款措备,快力2悼,60技 - 69技,巢,"2,054"
何魂堡开矫 秦款措备,快力2悼,60技 - 69技,咯,"2,318"
何魂堡开矫 秦款措备,快力2悼,70技 - 79技,巢,"1,116"
何魂堡开矫 秦款措备,快力2悼,70技 - 79技,咯,"1,368"
何魂堡开矫 秦款措备,快力2悼,80技 - 89技,巢,443
何魂堡开矫 秦款措备,快力2悼,80技 - 89技,咯,668
何魂堡开矫 秦款措备,快力2悼,90技 - 99技,巢,43
何魂堡开矫 秦款措备,快力2悼,90技 - 99技,咯,125
何魂堡开矫 秦款措备,快力2悼,100技 - 109技,巢,0
何魂堡开矫 秦款措备,快力2悼,100技 - 109技,咯,5
何魂堡开矫 秦款措备,快力2悼,110技 捞惑,巢,0
何魂堡开矫 秦款措备,快力2悼,110技 捞惑,咯,0
何魂堡开矫 秦款措备,快力3悼,0技 - 9技,巢,"1,206"
何魂堡开矫 秦款措备,快力3悼,0技 - 9技,咯,"1,152"
何魂堡开矫 秦款措备,快力3悼,10技 - 19技,巢,"1,653"
何魂堡开矫 秦款措备,快力3悼,10技 - 19技,咯,"1,607"
何魂堡开矫 秦款措备,快力3悼,20技 - 29技,巢,"1,166"
何魂堡开矫 秦款措备,快力3悼,20技 - 29技,咯,"1,108"
何魂堡开矫 秦款措备,快力3悼,30技 - 39技,巢,"1,224"
何魂堡开矫 秦款措备,快力3悼,30技 - 39技,咯,"1,516"
何魂堡开矫 秦款措备,快力3悼,40技 - 49技,巢,"2,216"
何魂堡开矫 秦款措备,快力3悼,40技 - 49技,咯,"2,625"
何魂堡开矫 秦款措备,快力3悼,50技 - 59技,巢,"2,155"
何魂堡开矫 秦款措备,快力3悼,50技 - 59技,咯,"2,527"
何魂堡开矫 秦款措备,快力3悼,60技 - 69技,巢,"1,977"
何魂堡开矫 秦款措备,快力3悼,60技 - 69技,咯,"2,287"
何魂堡开矫 秦款措备,快力3悼,70技 - 79技,巢,"1,102"
何魂堡开矫 秦款措备,快力3悼,70技 - 79技,咯,"1,244"
何魂堡开矫 秦款措备,快力3悼,80技 - 89技,巢,432
何魂堡开矫 秦款措备,快力3悼,80技 - 89技,咯,557
何魂堡开矫 秦款措备,快力3悼,90技 - 99技,巢,45
何魂堡开矫 秦款措备,快力3悼,90技 - 99技,咯,111
何魂堡开矫 秦款措备,快力3悼,100技 - 109技,巢,3
何魂堡开矫 秦款措备,快力3悼,100技 - 109技,咯,5
何魂堡开矫 秦款措备,快力3悼,110技 捞惑,巢,0
何魂堡开矫 秦款措备,快力3悼,110技 捞惑,咯,0
何魂堡开矫 秦款措备,吝力1悼,0技 - 9技,巢,920
何魂堡开矫 秦款措备,吝力1悼,0技 - 9技,咯,891
何魂堡开矫 秦款措备,吝力1悼,10技 - 19技,巢,"1,294"
何魂堡开矫 秦款措备,吝力1悼,10技 - 19技,咯,"1,240"
何魂堡开矫 秦款措备,吝力1悼,20技 - 29技,巢,"1,438"
何魂堡开矫 秦款措备,吝力1悼,20技 - 29技,咯,"1,458"
何魂堡开矫 秦款措备,吝力1悼,30技 - 39技,巢,"1,553"
何魂堡开矫 秦款措备,吝力1悼,30技 - 39技,咯,"1,715"
何魂堡开矫 秦款措备,吝力1悼,40技 - 49技,巢,"2,075"
何魂堡开矫 秦款措备,吝力1悼,40技 - 49技,咯,"2,368"
何魂堡开矫 秦款措备,吝力1悼,50技 - 59技,巢,"2,311"
何魂堡开矫 秦款措备,吝力1悼,50技 - 59技,咯,"2,598"
何魂堡开矫 秦款措备,吝力1悼,60技 - 69技,巢,"1,828"
何魂堡开矫 秦款措备,吝力1悼,60技 - 69技,咯,"2,060"
何魂堡开矫 秦款措备,吝力1悼,70技 - 79技,巢,971
何魂堡开矫 秦款措备,吝力1悼,70技 - 79技,咯,"1,169"
何魂堡开矫 秦款措备,吝力1悼,80技 - 89技,巢,423
何魂堡开矫 秦款措备,吝力1悼,80技 - 89技,咯,629
何魂堡开矫 秦款措备,吝力1悼,90技 - 99技,巢,35
何魂堡开矫 秦款措备,吝力1悼,90技 - 99技,咯,76
何魂堡开矫 秦款措备,吝力1悼,100技 - 109技,巢,0
何魂堡开矫 秦款措备,吝力1悼,100技 - 109技,咯,2
何魂堡开矫 秦款措备,吝力1悼,110技 捞惑,巢,0
何魂堡开矫 秦款措备,吝力1悼,110技 捞惑,咯,1
何魂堡开矫 秦款措备,吝力2悼,0技 - 9技,巢,471
何魂堡开矫 秦款措备,吝力2悼,0技 - 9技,咯,530
何魂堡开矫 秦款措备,吝力2悼,10技 - 19技,巢,636
何魂堡开矫 秦款措备,吝力2悼,10技 - 19技,咯,571
何魂堡开矫 秦款措备,吝力2悼,20技 - 29技,巢,672
何魂堡开矫 秦款措备,吝力2悼,20技 - 29技,咯,610
何魂堡开矫 秦款措备,吝力2悼,30技 - 39技,巢,920
何魂堡开矫 秦款措备,吝力2悼,30技 - 39技,咯,970
何魂堡开矫 秦款措备,吝力2悼,40技 - 49技,巢,"1,239"
何魂堡开矫 秦款措备,吝力2悼,40技 - 49技,咯,"1,238"
何魂堡开矫 秦款措备,吝力2悼,50技 - 59技,巢,"1,247"
何魂堡开矫 秦款措备,吝力2悼,50技 - 59技,咯,"1,403"
何魂堡开矫 秦款措备,吝力2悼,60技 - 69技,巢,"1,213"
何魂堡开矫 秦款措备,吝力2悼,60技 - 69技,咯,"1,448"
何魂堡开矫 秦款措备,吝力2悼,70技 - 79技,巢,612
何魂堡开矫 秦款措备,吝力2悼,70技 - 79技,咯,789
何魂堡开矫 秦款措备,吝力2悼,80技 - 89技,巢,215
何魂堡开矫 秦款措备,吝力2悼,80技 - 89技,咯,306
何魂堡开矫 秦款措备,吝力2悼,90技 - 99技,巢,23
何魂堡开矫 秦款措备,吝力2悼,90技 - 99技,咯,57
何魂堡开矫 秦款措备,吝力2悼,100技 - 109技,巢,0
何魂堡开矫 秦款措备,吝力2悼,100技 - 109技,咯,4
何魂堡开矫 秦款措备,吝力2悼,110技 捞惑,巢,0
何魂堡开矫 秦款措备,吝力2悼,110技 捞惑,咯,0
何魂堡开矫 秦款措备,谅力1悼,0技 - 9技,巢,445
何魂堡开矫 秦款措备,谅力1悼,0技 - 9技,咯,411
何魂堡开矫 秦款措备,谅力1悼,10技 - 19技,巢,911
何魂堡开矫 秦款措备,谅力1悼,10技 - 19技,咯,887
何魂堡开矫 秦款措备,谅力1悼,20技 - 29技,巢,"1,053"
何魂堡开矫 秦款措备,谅力1悼,20技 - 29技,咯,"1,178"
何魂堡开矫 秦款措备,谅力1悼,30技 - 39技,巢,996
何魂堡开矫 秦款措备,谅力1悼,30技 - 39技,咯,"1,043"
何魂堡开矫 秦款措备,谅力1悼,40技 - 49技,巢,"1,104"
何魂堡开矫 秦款措备,谅力1悼,40技 - 49技,咯,"1,432"
何魂堡开矫 秦款措备,谅力1悼,50技 - 59技,巢,"1,490"
何魂堡开矫 秦款措备,谅力1悼,50技 - 59技,咯,"1,741"
何魂堡开矫 秦款措备,谅力1悼,60技 - 69技,巢,"1,088"
何魂堡开矫 秦款措备,谅力1悼,60技 - 69技,咯,"1,215"
何魂堡开矫 秦款措备,谅力1悼,70技 - 79技,巢,496
何魂堡开矫 秦款措备,谅力1悼,70技 - 79技,咯,658
何魂堡开矫 秦款措备,谅力1悼,80技 - 89技,巢,266
何魂堡开矫 秦款措备,谅力1悼,80技 - 89技,咯,496
何魂堡开矫 秦款措备,谅力1悼,90技 - 99技,巢,36
何魂堡开矫 秦款措备,谅力1悼,90技 - 99技,咯,71
何魂堡开矫 秦款措备,谅力1悼,100技 - 109技,巢,1
何魂堡开矫 秦款措备,谅力1悼,100技 - 109技,咯,1
何魂堡开矫 秦款措备,谅力1悼,110技 捞惑,巢,0
何魂堡开矫 秦款措备,谅力1悼,110技 捞惑,咯,0
何魂堡开矫 秦款措备,谅力2悼,0技 - 9技,巢,716
何魂堡开矫 秦款措备,谅力2悼,0技 - 9技,咯,711
何魂堡开矫 秦款措备,谅力2悼,10技 - 19技,巢,"1,231"
何魂堡开矫 秦款措备,谅力2悼,10技 - 19技,咯,"1,244"
何魂堡开矫 秦款措备,谅力2悼,20技 - 29技,巢,"1,830"
何魂堡开矫 秦款措备,谅力2悼,20技 - 29技,咯,"2,031"
何魂堡开矫 秦款措备,谅力2悼,30技 - 39技,巢,"2,112"
何魂堡开矫 秦款措备,谅力2悼,30技 - 39技,咯,"2,099"
何魂堡开矫 秦款措备,谅力2悼,40技 - 49技,巢,"1,899"
何魂堡开矫 秦款措备,谅力2悼,40技 - 49技,咯,"2,316"
何魂堡开矫 秦款措备,谅力2悼,50技 - 59技,巢,"2,307"
何魂堡开矫 秦款措备,谅力2悼,50技 - 59技,咯,"3,079"
何魂堡开矫 秦款措备,谅力2悼,60技 - 69技,巢,"2,225"
何魂堡开矫 秦款措备,谅力2悼,60技 - 69技,咯,"2,499"
何魂堡开矫 秦款措备,谅力2悼,70技 - 79技,巢,976
何魂堡开矫 秦款措备,谅力2悼,70技 - 79技,咯,"1,324"
何魂堡开矫 秦款措备,谅力2悼,80技 - 89技,巢,453
何魂堡开矫 秦款措备,谅力2悼,80技 - 89技,咯,738
何魂堡开矫 秦款措备,谅力2悼,90技 - 99技,巢,54
何魂堡开矫 秦款措备,谅力2悼,90技 - 99技,咯,145
何魂堡开矫 秦款措备,谅力2悼,100技 - 109技,巢,2
何魂堡开矫 秦款措备,谅力2悼,100技 - 109技,咯,5
何魂堡开矫 秦款措备,谅力2悼,110技 捞惑,巢,0
何魂堡开矫 秦款措备,谅力2悼,110技 捞惑,咯,0
何魂堡开矫 秦款措备,谅力3悼,0技 - 9技,巢,391
何魂堡开矫 秦款措备,谅力3悼,0技 - 9技,咯,378
何魂堡开矫 秦款措备,谅力3悼,10技 - 19技,巢,781
何魂堡开矫 秦款措备,谅力3悼,10技 - 19技,咯,686
何魂堡开矫 秦款措备,谅力3悼,20技 - 29技,巢,778
何魂堡开矫 秦款措备,谅力3悼,20技 - 29技,咯,705
何魂堡开矫 秦款措备,谅力3悼,30技 - 39技,巢,752
何魂堡开矫 秦款措备,谅力3悼,30技 - 39技,咯,750
何魂堡开矫 秦款措备,谅力3悼,40技 - 49技,巢,881
何魂堡开矫 秦款措备,谅力3悼,40技 - 49技,咯,"1,087"
何魂堡开矫 秦款措备,谅力3悼,50技 - 59技,巢,"1,259"
何魂堡开矫 秦款措备,谅力3悼,50技 - 59技,咯,"1,527"
何魂堡开矫 秦款措备,谅力3悼,60技 - 69技,巢,"1,145"
何魂堡开矫 秦款措备,谅力3悼,60技 - 69技,咯,"1,406"
何魂堡开矫 秦款措备,谅力3悼,70技 - 79技,巢,610
何魂堡开矫 秦款措备,谅力3悼,70技 - 79技,咯,795
何魂堡开矫 秦款措备,谅力3悼,80技 - 89技,巢,288
何魂堡开矫 秦款措备,谅力3悼,80技 - 89技,咯,543
何魂堡开矫 秦款措备,谅力3悼,90技 - 99技,巢,37
何魂堡开矫 秦款措备,谅力3悼,90技 - 99技,咯,110
何魂堡开矫 秦款措备,谅力3悼,100技 - 109技,巢,0
何魂堡开矫 秦款措备,谅力3悼,100技 - 109技,咯,5
何魂堡开矫 秦款措备,谅力3悼,110技 捞惑,巢,0
何魂堡开矫 秦款措备,谅力3悼,110技 捞惑,咯,0
何魂堡开矫 秦款措备,谅力4悼,0技 - 9技,巢,682
何魂堡开矫 秦款措备,谅力4悼,0技 - 9技,咯,637
何魂堡开矫 秦款措备,谅力4悼,10技 - 19技,巢,"1,343"
何魂堡开矫 秦款措备,谅力4悼,10技 - 19技,咯,"1,242"
何魂堡开矫 秦款措备,谅力4悼,20技 - 29技,巢,"1,220"
何魂堡开矫 秦款措备,谅力4悼,20技 - 29技,咯,"1,076"
何魂堡开矫 秦款措备,谅力4悼,30技 - 39技,巢,"1,116"
何魂堡开矫 秦款措备,谅力4悼,30技 - 39技,咯,"1,190"
何魂堡开矫 秦款措备,谅力4悼,40技 - 49技,巢,"1,500"
何魂堡开矫 秦款措备,谅力4悼,40技 - 49技,咯,"1,819"
何魂堡开矫 秦款措备,谅力4悼,50技 - 59技,巢,"1,839"
何魂堡开矫 秦款措备,谅力4悼,50技 - 59技,咯,"2,258"
何魂堡开矫 秦款措备,谅力4悼,60技 - 69技,巢,"1,567"
何魂堡开矫 秦款措备,谅力4悼,60技 - 69技,咯,"1,694"
何魂堡开矫 秦款措备,谅力4悼,70技 - 79技,巢,661
何魂堡开矫 秦款措备,谅力4悼,70技 - 79技,咯,869
何魂堡开矫 秦款措备,谅力4悼,80技 - 89技,巢,306
何魂堡开矫 秦款措备,谅力4悼,80技 - 89技,咯,550
何魂堡开矫 秦款措备,谅力4悼,90技 - 99技,巢,40
何魂堡开矫 秦款措备,谅力4悼,90技 - 99技,咯,89
何魂堡开矫 秦款措备,谅力4悼,100技 - 109技,巢,0
何魂堡开矫 秦款措备,谅力4悼,100技 - 109技,咯,3
何魂堡开矫 秦款措备,谅力4悼,110技 捞惑,巢,0
何魂堡开矫 秦款措备,谅力4悼,110技 捞惑,咯,0
何魂堡开矫 秦款措备,价沥悼,0技 - 9技,巢,155
何魂堡开矫 秦款措备,价沥悼,0技 - 9技,咯,131
何魂堡开矫 秦款措备,价沥悼,10技 - 19技,巢,291
何魂堡开矫 秦款措备,价沥悼,10技 - 19技,咯,208
何魂堡开矫 秦款措备,价沥悼,20技 - 29技,巢,417
何魂堡开矫 秦款措备,价沥悼,20技 - 29技,咯,327
何魂堡开矫 秦款措备,价沥悼,30技 - 39技,巢,529
何魂堡开矫 秦款措备,价沥悼,30技 - 39技,咯,481
何魂堡开矫 秦款措备,价沥悼,40技 - 49技,巢,619
何魂堡开矫 秦款措备,价沥悼,40技 - 49技,咯,548
何魂堡开矫 秦款措备,价沥悼,50技 - 59技,巢,714
何魂堡开矫 秦款措备,价沥悼,50技 - 59技,咯,812
何魂堡开矫 秦款措备,价沥悼,60技 - 69技,巢,855
何魂堡开矫 秦款措备,价沥悼,60技 - 69技,咯,"1,102"
何魂堡开矫 秦款措备,价沥悼,70技 - 79技,巢,572
何魂堡开矫 秦款措备,价沥悼,70技 - 79技,咯,685
何魂堡开矫 秦款措备,价沥悼,80技 - 89技,巢,198
何魂堡开矫 秦款措备,价沥悼,80技 - 89技,咯,377
何魂堡开矫 秦款措备,价沥悼,90技 - 99技,巢,18
何魂堡开矫 秦款措备,价沥悼,90技 - 99技,咯,72
何魂堡开矫 秦款措备,价沥悼,100技 - 109技,巢,0
何魂堡开矫 秦款措备,价沥悼,100技 - 109技,咯,1
何魂堡开矫 秦款措备,价沥悼,110技 捞惑,巢,0
何魂堡开矫 秦款措备,价沥悼,110技 捞惑,咯,0
何魂堡开矫 秦款措备,馆咯力1悼,0技 - 9技,巢,"1,234"
何魂堡开矫 秦款措备,馆咯力1悼,0技 - 9技,咯,"1,142"
何魂堡开矫 秦款措备,馆咯力1悼,10技 - 19技,巢,"1,970"
何魂堡开矫 秦款措备,馆咯力1悼,10技 - 19技,咯,"1,877"
何魂堡开矫 秦款措备,馆咯力1悼,20技 - 29技,巢,"1,997"
何魂堡开矫 秦款措备,馆咯力1悼,20技 - 29技,咯,"1,648"
何魂堡开矫 秦款措备,馆咯力1悼,30技 - 39技,巢,"1,943"
何魂堡开矫 秦款措备,馆咯力1悼,30技 - 39技,咯,"1,954"
何魂堡开矫 秦款措备,馆咯力1悼,40技 - 49技,巢,"2,584"
何魂堡开矫 秦款措备,馆咯力1悼,40技 - 49技,咯,"2,914"
何魂堡开矫 秦款措备,馆咯力1悼,50技 - 59技,巢,"3,151"
何魂堡开矫 秦款措备,馆咯力1悼,50技 - 59技,咯,"3,393"
何魂堡开矫 秦款措备,馆咯力1悼,60技 - 69技,巢,"2,606"
何魂堡开矫 秦款措备,馆咯力1悼,60技 - 69技,咯,"2,743"
何魂堡开矫 秦款措备,馆咯力1悼,70技 - 79技,巢,"1,337"
何魂堡开矫 秦款措备,馆咯力1悼,70技 - 79技,咯,"1,513"
何魂堡开矫 秦款措备,馆咯力1悼,80技 - 89技,巢,436
何魂堡开矫 秦款措备,馆咯力1悼,80技 - 89技,咯,687
何魂堡开矫 秦款措备,馆咯力1悼,90技 - 99技,巢,51
何魂堡开矫 秦款措备,馆咯力1悼,90技 - 99技,咯,123
何魂堡开矫 秦款措备,馆咯力1悼,100技 - 109技,巢,2
何魂堡开矫 秦款措备,馆咯力1悼,100技 - 109技,咯,1
何魂堡开矫 秦款措备,馆咯力1悼,110技 捞惑,巢,0
何魂堡开矫 秦款措备,馆咯力1悼,110技 捞惑,咯,0
何魂堡开矫 秦款措备,馆咯力2悼,0技 - 9技,巢,155
何魂堡开矫 秦款措备,馆咯力2悼,0技 - 9技,咯,151
何魂堡开矫 秦款措备,馆咯力2悼,10技 - 19技,巢,235
何魂堡开矫 秦款措备,馆咯力2悼,10技 - 19技,咯,235
何魂堡开矫 秦款措备,馆咯力2悼,20技 - 29技,巢,515
何魂堡开矫 秦款措备,馆咯力2悼,20技 - 29技,咯,390
何魂堡开矫 秦款措备,馆咯力2悼,30技 - 39技,巢,682
何魂堡开矫 秦款措备,馆咯力2悼,30技 - 39技,咯,490
何魂堡开矫 秦款措备,馆咯力2悼,40技 - 49技,巢,742
何魂堡开矫 秦款措备,馆咯力2悼,40技 - 49技,咯,576
何魂堡开矫 秦款措备,馆咯力2悼,50技 - 59技,巢,"1,000"
何魂堡开矫 秦款措备,馆咯力2悼,50技 - 59技,咯,994
何魂堡开矫 秦款措备,馆咯力2悼,60技 - 69技,巢,"1,142"
何魂堡开矫 秦款措备,馆咯力2悼,60技 - 69技,咯,"1,325"
何魂堡开矫 秦款措备,馆咯力2悼,70技 - 79技,巢,695
何魂堡开矫 秦款措备,馆咯力2悼,70技 - 79技,咯,963
何魂堡开矫 秦款措备,馆咯力2悼,80技 - 89技,巢,262
何魂堡开矫 秦款措备,馆咯力2悼,80技 - 89技,咯,525
何魂堡开矫 秦款措备,馆咯力2悼,90技 - 99技,巢,16
何魂堡开矫 秦款措备,馆咯力2悼,90技 - 99技,咯,65
何魂堡开矫 秦款措备,馆咯力2悼,100技 - 109技,巢,0
何魂堡开矫 秦款措备,馆咯力2悼,100技 - 109技,咯,2
何魂堡开矫 秦款措备,馆咯力2悼,110技 捞惑,巢,0
何魂堡开矫 秦款措备,馆咯力2悼,110技 捞惑,咯,0
何魂堡开矫 秦款措备,馆咯力3悼,0技 - 9技,巢,55
何魂堡开矫 秦款措备,馆咯力3悼,0技 - 9技,咯,58
何魂堡开矫 秦款措备,馆咯力3悼,10技 - 19技,巢,163
何魂堡开矫 秦款措备,馆咯力3悼,10技 - 19技,咯,138
何魂堡开矫 秦款措备,馆咯力3悼,20技 - 29技,巢,312
何魂堡开矫 秦款措备,馆咯力3悼,20技 - 29技,咯,289
何魂堡开矫 秦款措备,馆咯力3悼,30技 - 39技,巢,383
何魂堡开矫 秦款措备,馆咯力3悼,30技 - 39技,咯,230
何魂堡开矫 秦款措备,馆咯力3悼,40技 - 49技,巢,416
何魂堡开矫 秦款措备,馆咯力3悼,40技 - 49技,咯,337
何魂堡开矫 秦款措备,馆咯力3悼,50技 - 59技,巢,692
何魂堡开矫 秦款措备,馆咯力3悼,50技 - 59技,咯,650
何魂堡开矫 秦款措备,馆咯力3悼,60技 - 69技,巢,825
何魂堡开矫 秦款措备,馆咯力3悼,60技 - 69技,咯,980
何魂堡开矫 秦款措备,馆咯力3悼,70技 - 79技,巢,490
何魂堡开矫 秦款措备,馆咯力3悼,70技 - 79技,咯,684
何魂堡开矫 秦款措备,馆咯力3悼,80技 - 89技,巢,203
何魂堡开矫 秦款措备,馆咯力3悼,80技 - 89技,咯,370
何魂堡开矫 秦款措备,馆咯力3悼,90技 - 99技,巢,13
何魂堡开矫 秦款措备,馆咯力3悼,90技 - 99技,咯,63
何魂堡开矫 秦款措备,馆咯力3悼,100技 - 109技,巢,0
何魂堡开矫 秦款措备,馆咯力3悼,100技 - 109技,咯,1
何魂堡开矫 秦款措备,馆咯力3悼,110技 捞惑,巢,0
何魂堡开矫 秦款措备,馆咯力3悼,110技 捞惑,咯,0
何魂堡开矫 秦款措备,馆咯力4悼,0技 - 9技,巢,410
何魂堡开矫 秦款措备,馆咯力4悼,0技 - 9技,咯,396
何魂堡开矫 秦款措备,馆咯力4悼,10技 - 19技,巢,708
何魂堡开矫 秦款措备,馆咯力4悼,10技 - 19技,咯,681
何魂堡开矫 秦款措备,馆咯力4悼,20技 - 29技,巢,785
何魂堡开矫 秦款措备,馆咯力4悼,20技 - 29技,咯,625
何魂堡开矫 秦款措备,馆咯力4悼,30技 - 39技,巢,792
何魂堡开矫 秦款措备,馆咯力4悼,30技 - 39技,咯,775
何魂堡开矫 秦款措备,馆咯力4悼,40技 - 49技,巢,"1,083"
何魂堡开矫 秦款措备,馆咯力4悼,40技 - 49技,咯,"1,052"
何魂堡开矫 秦款措备,馆咯力4悼,50技 - 59技,巢,"1,184"
何魂堡开矫 秦款措备,馆咯力4悼,50技 - 59技,咯,"1,439"
何魂堡开矫 秦款措备,馆咯力4悼,60技 - 69技,巢,"1,249"
何魂堡开矫 秦款措备,馆咯力4悼,60技 - 69技,咯,"1,412"
何魂堡开矫 秦款措备,馆咯力4悼,70技 - 79技,巢,664
何魂堡开矫 秦款措备,馆咯力4悼,70技 - 79技,咯,670
何魂堡开矫 秦款措备,馆咯力4悼,80技 - 89技,巢,162
何魂堡开矫 秦款措备,馆咯力4悼,80技 - 89技,咯,255
何魂堡开矫 秦款措备,馆咯力4悼,90技 - 99技,巢,10
何魂堡开矫 秦款措备,馆咯力4悼,90技 - 99技,咯,48
何魂堡开矫 秦款措备,馆咯力4悼,100技 - 109技,巢,0
何魂堡开矫 秦款措备,馆咯力4悼,100技 - 109技,咯,1
何魂堡开矫 秦款措备,馆咯力4悼,110技 捞惑,巢,0
何魂堡开矫 秦款措备,馆咯力4悼,110技 捞惑,咯,0
何魂堡开矫 秦款措备,馆价力1悼,0技 - 9技,巢,98
何魂堡开矫 秦款措备,馆价力1悼,0技 - 9技,咯,89
何魂堡开矫 秦款措备,馆价力1悼,10技 - 19技,巢,240
何魂堡开矫 秦款措备,馆价力1悼,10技 - 19技,咯,233
何魂堡开矫 秦款措备,馆价力1悼,20技 - 29技,巢,581
何魂堡开矫 秦款措备,馆价力1悼,20技 - 29技,咯,420
何魂堡开矫 秦款措备,馆价力1悼,30技 - 39技,巢,490
何魂堡开矫 秦款措备,馆价力1悼,30技 - 39技,咯,354
何魂堡开矫 秦款措备,馆价力1悼,40技 - 49技,巢,717
何魂堡开矫 秦款措备,馆价力1悼,40技 - 49技,咯,467
何魂堡开矫 秦款措备,馆价力1悼,50技 - 59技,巢,"1,168"
何魂堡开矫 秦款措备,馆价力1悼,50技 - 59技,咯,952
何魂堡开矫 秦款措备,馆价力1悼,60技 - 69技,巢,"1,312"
何魂堡开矫 秦款措备,馆价力1悼,60技 - 69技,咯,"1,340"
何魂堡开矫 秦款措备,馆价力1悼,70技 - 79技,巢,883
何魂堡开矫 秦款措备,馆价力1悼,70技 - 79技,咯,"1,191"
何魂堡开矫 秦款措备,馆价力1悼,80技 - 89技,巢,400
何魂堡开矫 秦款措备,馆价力1悼,80技 - 89技,咯,706
何魂堡开矫 秦款措备,馆价力1悼,90技 - 99技,巢,19
何魂堡开矫 秦款措备,馆价力1悼,90技 - 99技,咯,96
何魂堡开矫 秦款措备,馆价力1悼,100技 - 109技,巢,1
何魂堡开矫 秦款措备,馆价力1悼,100技 - 109技,咯,1
何魂堡开矫 秦款措备,馆价力1悼,110技 捞惑,巢,0
何魂堡开矫 秦款措备,馆价力1悼,110技 捞惑,咯,0
何魂堡开矫 秦款措备,馆价力2悼,0技 - 9技,巢,239
何魂堡开矫 秦款措备,馆价力2悼,0技 - 9技,咯,246
何魂堡开矫 秦款措备,馆价力2悼,10技 - 19技,巢,587
何魂堡开矫 秦款措备,馆价力2悼,10技 - 19技,咯,470
何魂堡开矫 秦款措备,馆价力2悼,20技 - 29技,巢,844
何魂堡开矫 秦款措备,馆价力2悼,20技 - 29技,咯,662
何魂堡开矫 秦款措备,馆价力2悼,30技 - 39技,巢,867
何魂堡开矫 秦款措备,馆价力2悼,30技 - 39技,咯,631
何魂堡开矫 秦款措备,馆价力2悼,40技 - 49技,巢,"1,255"
何魂堡开矫 秦款措备,馆价力2悼,40技 - 49技,咯,992
何魂堡开矫 秦款措备,馆价力2悼,50技 - 59技,巢,"1,779"
何魂堡开矫 秦款措备,馆价力2悼,50技 - 59技,咯,"1,720"
何魂堡开矫 秦款措备,馆价力2悼,60技 - 69技,巢,"2,281"
何魂堡开矫 秦款措备,馆价力2悼,60技 - 69技,咯,"2,522"
何魂堡开矫 秦款措备,馆价力2悼,70技 - 79技,巢,"1,544"
何魂堡开矫 秦款措备,馆价力2悼,70技 - 79技,咯,"2,053"
何魂堡开矫 秦款措备,馆价力2悼,80技 - 89技,巢,529
何魂堡开矫 秦款措备,馆价力2悼,80技 - 89技,咯,"1,106"
何魂堡开矫 秦款措备,馆价力2悼,90技 - 99技,巢,38
何魂堡开矫 秦款措备,馆价力2悼,90技 - 99技,咯,165
何魂堡开矫 秦款措备,馆价力2悼,100技 - 109技,巢,0
何魂堡开矫 秦款措备,馆价力2悼,100技 - 109技,咯,3
何魂堡开矫 秦款措备,馆价力2悼,110技 捞惑,巢,0
何魂堡开矫 秦款措备,馆价力2悼,110技 捞惑,咯,0
何魂堡开矫 秦款措备,犁价力1悼,0技 - 9技,巢,"1,482"
何魂堡开矫 秦款措备,犁价力1悼,0技 - 9技,咯,"1,378"
何魂堡开矫 秦款措备,犁价力1悼,10技 - 19技,巢,"2,566"
何魂堡开矫 秦款措备,犁价力1悼,10技 - 19技,咯,"2,424"
何魂堡开矫 秦款措备,犁价力1悼,20技 - 29技,巢,"1,865"
何魂堡开矫 秦款措备,犁价力1悼,20技 - 29技,咯,"1,644"
何魂堡开矫 秦款措备,犁价力1悼,30技 - 39技,巢,"1,883"
何魂堡开矫 秦款措备,犁价力1悼,30技 - 39技,咯,"1,998"
何魂堡开矫 秦款措备,犁价力1悼,40技 - 49技,巢,"3,348"
何魂堡开矫 秦款措备,犁价力1悼,40技 - 49技,咯,"3,739"
何魂堡开矫 秦款措备,犁价力1悼,50技 - 59技,巢,"2,998"
何魂堡开矫 秦款措备,犁价力1悼,50技 - 59技,咯,"2,963"
何魂堡开矫 秦款措备,犁价力1悼,60技 - 69技,巢,"2,061"
何魂堡开矫 秦款措备,犁价力1悼,60技 - 69技,咯,"2,329"
何魂堡开矫 秦款措备,犁价力1悼,70技 - 79技,巢,"1,238"
何魂堡开矫 秦款措备,犁价力1悼,70技 - 79技,咯,"1,367"
何魂堡开矫 秦款措备,犁价力1悼,80技 - 89技,巢,379
何魂堡开矫 秦款措备,犁价力1悼,80技 - 89技,咯,505
何魂堡开矫 秦款措备,犁价力1悼,90技 - 99技,巢,21
何魂堡开矫 秦款措备,犁价力1悼,90技 - 99技,咯,90
何魂堡开矫 秦款措备,犁价力1悼,100技 - 109技,巢,0
何魂堡开矫 秦款措备,犁价力1悼,100技 - 109技,咯,1
何魂堡开矫 秦款措备,犁价力1悼,110技 捞惑,巢,0
何魂堡开矫 秦款措备,犁价力1悼,110技 捞惑,咯,0
何魂堡开矫 秦款措备,犁价力2悼,0技 - 9技,巢,350
何魂堡开矫 秦款措备,犁价力2悼,0技 - 9技,咯,281
何魂堡开矫 秦款措备,犁价力2悼,10技 - 19技,巢,828
何魂堡开矫 秦款措备,犁价力2悼,10技 - 19技,咯,783
何魂堡开矫 秦款措备,犁价力2悼,20技 - 29技,巢,"1,178"
何魂堡开矫 秦款措备,犁价力2悼,20技 - 29技,咯,992
何魂堡开矫 秦款措备,犁价力2悼,30技 - 39技,巢,"1,283"
何魂堡开矫 秦款措备,犁价力2悼,30技 - 39技,咯,"1,013"
何魂堡开矫 秦款措备,犁价力2悼,40技 - 49技,巢,"1,517"
何魂堡开矫 秦款措备,犁价力2悼,40技 - 49技,咯,"1,481"
何魂堡开矫 秦款措备,犁价力2悼,50技 - 59技,巢,"1,809"
何魂堡开矫 秦款措备,犁价力2悼,50技 - 59技,咯,"2,125"
何魂堡开矫 秦款措备,犁价力2悼,60技 - 69技,巢,"2,010"
何魂堡开矫 秦款措备,犁价力2悼,60技 - 69技,咯,"2,459"
何魂堡开矫 秦款措备,犁价力2悼,70技 - 79技,巢,"1,231"
何魂堡开矫 秦款措备,犁价力2悼,70技 - 79技,咯,"1,346"
何魂堡开矫 秦款措备,犁价力2悼,80技 - 89技,巢,298
何魂堡开矫 秦款措备,犁价力2悼,80技 - 89技,咯,589
何魂堡开矫 秦款措备,犁价力2悼,90技 - 99技,巢,18
何魂堡开矫 秦款措备,犁价力2悼,90技 - 99技,咯,92
何魂堡开矫 秦款措备,犁价力2悼,100技 - 109技,巢,0
何魂堡开矫 秦款措备,犁价力2悼,100技 - 109技,咯,4
何魂堡开矫 秦款措备,犁价力2悼,110技 捞惑,巢,0
何魂堡开矫 秦款措备,犁价力2悼,110技 捞惑,咯,0
